Paragraph Content,Class,ID
اشترك الآن في النشرة البريدية لجريدة هسبريس، لتصلك آخر الأخبار يوميا,['description'],
,['comment-success'],
,['comment-errors'],
الاسم*,['comment-form-author'],
البريد الإلكتروني*,['comment-form-email'],
التعليق*,['comment-form-comment'],
,['form-submit'],
‫‫من شروط النشر :عدم الإساءة للكاتب أو للأشخاص أو للمقدسات أو مهاجمة الأديان أو الذات الإلهية، والابتعاد عن التحريض العنصري والشتائم‬.,,
تربية الكلاب في المنزل مكروه الا ادا كان الرعي او الصيد,,
ولله في خلقه شؤون. الهواية اصبحت شيء ييعدنا عن اشياء اخرى.,,
قطيط حديث الولادة بألمانيا يساوي 500 اورو و حكى الي مهاجر بألمانيا بأن صديقه عنده حديقة صغيرة فيها قطتان و قط و عندما يريد الاقتراض يقول لصديقهاعطيني 2000 اورو حتى تولد لي القطة و نرجعها ليك و حتى القط يدخل له 100 اورو في التلقيح مع كل قطة و البعض يتساءل لمادا لا نبيع القطط التي في المغرب طبعا فالعاءق هو ان تذكرة سفر حيوان أغلى من ثمن بيعه هناك,,
